path	md5
cleanup	e658237e78d9c433409abe960dd01c09
configure	9a7d134c0b8635e876f0ae92012d469f
DESCRIPTION	c44c52b9b698bcc365b3d82002505147
inst/include/Eigen/Cholesky	145af623d4b14c143f728edefb421c90
inst/include/Eigen/CholmodSupport	5f70c8a26df5e844d8bb58b0687f350b
inst/include/Eigen/Core	81296a0f304f1f4c2d7683c0da4f41e8
inst/include/Eigen/Dense	d83e7f96733d79a7a1a38630c4287e85
inst/include/Eigen/Eigen	97913f1cc1bc6793f4d308537075563a
inst/include/Eigen/Eigenvalues	4a101a6893eb59648e608fb780793df4
inst/include/Eigen/Geometry	16b99e5b068f30d75b0a40ea3a51671c
inst/include/Eigen/Householder	21f7d4b876b5e53d591f85566a1fc2a4
inst/include/Eigen/IterativeLinearSolvers	aaeeeb9a7377155d7ff520d71426c8d0
inst/include/Eigen/Jacobi	e57d3f4e9d7cba9138197a2a327d7290
inst/include/Eigen/KLUSupport	773905229dd2c59b07c0195014b15aad
inst/include/Eigen/LU	a79c9abe1514e57f05658202a6e713fc
inst/include/Eigen/MetisSupport	003fe3d1e91833e14d42c3f51f540f55
inst/include/Eigen/OrderingMethods	8603fdfa8648b85a1799a7620b66eadd
inst/include/Eigen/PardisoSupport	61734ff861c3a3996dcb7f397d00e7e1
inst/include/Eigen/PaStiXSupport	6cea51382aa721a45cf1a62312072001
inst/include/Eigen/QR	fd275dac6ea9537884730a8c73387602
inst/include/Eigen/QtAlignedMalloc	3ec0f5af1ec7173a413270ecfa454a62
inst/include/Eigen/Sparse	76a6f277df269701446d49bc9b31f1e4
inst/include/Eigen/SparseCholesky	1e32650635cb6297b4578d30edddc59d
inst/include/Eigen/SparseCore	9e4037b36be07c843c2e58ba233a97a9
inst/include/Eigen/SparseLU	de0cc8dd6ed700c53b839b5e1f39b1c0
inst/include/Eigen/SparseQR	52150dd6e9daa40ac034086650733e30
inst/include/Eigen/SPQRSupport	0eecd23b6d4b5153e15ecbfd55fb802f
inst/include/Eigen/src/Cholesky/LDLT.h	8c58b327902c449a4c5b766f928d415d
inst/include/Eigen/src/Cholesky/LLT_LAPACKE.h	f59c7074c241180a9135878387652c64
inst/include/Eigen/src/Cholesky/LLT.h	c2ca41302cfd99797ab636105d4e4998
inst/include/Eigen/src/CholmodSupport/CholmodSupport.h	faadab8f819dd8e838ae6d2c01896812
inst/include/Eigen/src/Core/arch/AltiVec/Complex.h	57f01fb49d12aab575f3a1d9f9d27eef
inst/include/Eigen/src/Core/arch/AltiVec/MathFunctions.h	b1ff1c2373e425bbb5a1d74ca3603669
inst/include/Eigen/src/Core/arch/AltiVec/MatrixProduct.h	244915bdb5006bd4c323336b1f543954
inst/include/Eigen/src/Core/arch/AltiVec/MatrixProductCommon.h	1ece1c8c380758be36bde88eefdf4d18
inst/include/Eigen/src/Core/arch/AltiVec/MatrixProductMMA.h	2ffdf1cf62c4ef756f4ca2c5478ea916
inst/include/Eigen/src/Core/arch/AltiVec/PacketMath.h	3f2b25fb5cc4cb83bc5287a78d8c7593
inst/include/Eigen/src/Core/arch/AVX/Complex.h	eccf708f1cc23919cba245c5f7b26730
inst/include/Eigen/src/Core/arch/AVX/MathFunctions.h	bb62aaffbdaad0e79a35e1295649abeb
inst/include/Eigen/src/Core/arch/AVX/PacketMath.h	1ef051a7272c6f962ddd46a06adf9b9a
inst/include/Eigen/src/Core/arch/AVX/TypeCasting.h	26a07d215c4953e4f65df781c22ac6bd
inst/include/Eigen/src/Core/arch/AVX512/Complex.h	d5f4d27595402694f2ad29417ccbf454
inst/include/Eigen/src/Core/arch/AVX512/MathFunctions.h	76adc7d1ac14e572b03170346f1b3a9e
inst/include/Eigen/src/Core/arch/AVX512/PacketMath.h	3672c75c894e6d4972d01f6da6eca094
inst/include/Eigen/src/Core/arch/AVX512/TypeCasting.h	3b06eaf49c05a3674b06363001cb4ebf
inst/include/Eigen/src/Core/arch/CUDA/Complex.h	48834752aafbf0c1eed78d591ea5ce43
inst/include/Eigen/src/Core/arch/Default/BFloat16.h	b125897b051b64f28a6ad4a24936d6b2
inst/include/Eigen/src/Core/arch/Default/ConjHelper.h	e50eb2bf2d022bb3121deca2b32cecc8
inst/include/Eigen/src/Core/arch/Default/GenericPacketMathFunctions.h	3973af46054bdab3588a455d07794c94
inst/include/Eigen/src/Core/arch/Default/GenericPacketMathFunctionsFwd.h	0b153cd08b1e89c4872863687f915560
inst/include/Eigen/src/Core/arch/Default/Half.h	b768042c101bf7279ca54ccbe198ce74
inst/include/Eigen/src/Core/arch/Default/Settings.h	1f5048f878e6a99bb02a552b5d64acc6
inst/include/Eigen/src/Core/arch/Default/TypeCasting.h	dbdb97c9e0db96cccc275a9e5d0cedaa
inst/include/Eigen/src/Core/arch/GPU/MathFunctions.h	331f06b2a86d9a7e397638641b52f96e
inst/include/Eigen/src/Core/arch/GPU/PacketMath.h	4a178bdb2141cf9df1e91482ebc62bfc
inst/include/Eigen/src/Core/arch/GPU/TypeCasting.h	655f92633b865e13c43b3232d6dcbde1
inst/include/Eigen/src/Core/arch/HIP/hcc/math_constants.h	465706ce6839f39d71ce56515627d14d
inst/include/Eigen/src/Core/arch/MSA/Complex.h	837da7ecef71c2b87f92226aaa1ee0d6
inst/include/Eigen/src/Core/arch/MSA/MathFunctions.h	120f702e71eca10ac75ebb5995530a9f
inst/include/Eigen/src/Core/arch/MSA/PacketMath.h	4ab06a761f8ac6a64ea71d700c859e7f
inst/include/Eigen/src/Core/arch/NEON/Complex.h	49542657bc09b2a1e702dec391a79aab
inst/include/Eigen/src/Core/arch/NEON/GeneralBlockPanelKernel.h	5f156a8c03925d154882b995722d6863
inst/include/Eigen/src/Core/arch/NEON/MathFunctions.h	272c6d3940697697b599a73cc2813533
inst/include/Eigen/src/Core/arch/NEON/PacketMath.h	906be4dd71b459ddbc93e1ab4a418c72
inst/include/Eigen/src/Core/arch/NEON/TypeCasting.h	67a19bf44a9e155ec745307c7a2ef537
inst/include/Eigen/src/Core/arch/SSE/Complex.h	8b516b2428b1cc51620837772ca4e06e
inst/include/Eigen/src/Core/arch/SSE/MathFunctions.h	ac0dfbd09583027880e951536f42e09b
inst/include/Eigen/src/Core/arch/SSE/PacketMath.h	53fae523e6473b2b427ca3b06eff8588
inst/include/Eigen/src/Core/arch/SSE/TypeCasting.h	288defcacab8be5efb5de016099ce69c
inst/include/Eigen/src/Core/arch/SVE/MathFunctions.h	0abdec9e38825f2994a5b04cc658e050
inst/include/Eigen/src/Core/arch/SVE/PacketMath.h	3078718a350c99baa7266e53715076eb
inst/include/Eigen/src/Core/arch/SVE/TypeCasting.h	73eab75c1c0a1c209bdf90b27b0d0367
inst/include/Eigen/src/Core/arch/SYCL/InteropHeaders.h	9494c07dcfe0b91c52ff975314ef21db
inst/include/Eigen/src/Core/arch/SYCL/MathFunctions.h	29d2c00fcc5424eeb836cecc258a06cc
inst/include/Eigen/src/Core/arch/SYCL/PacketMath.h	55976f063f0bc6c03a9e4fcc47282fd1
inst/include/Eigen/src/Core/arch/SYCL/SyclMemoryModel.h	c9ae7e85fcb856c7a8d9f66cb2cce4fc
inst/include/Eigen/src/Core/arch/SYCL/TypeCasting.h	2b42e5034c211881e453fdb5acabde12
inst/include/Eigen/src/Core/arch/ZVector/Complex.h	36c5dc8e86d6332dcc1cefa8224cdbf7
inst/include/Eigen/src/Core/arch/ZVector/MathFunctions.h	875f0c30c8ab7a39fbc03238929354ec
inst/include/Eigen/src/Core/arch/ZVector/PacketMath.h	7bc05c9230c129ca8dda453d5f0a3170
inst/include/Eigen/src/Core/ArithmeticSequence.h	3faa766a3f8465ee3f97763276ad3de0
inst/include/Eigen/src/Core/Array.h	1afdafdd1125921f96e01f55bfcce5f8
inst/include/Eigen/src/Core/ArrayBase.h	73aeac050eca259eb57753f8a3d4dbdb
inst/include/Eigen/src/Core/ArrayWrapper.h	fdccb4e49e0b7ab7e6ca96218b390573
inst/include/Eigen/src/Core/Assign_MKL.h	c67b385de56849e26fe94d7118fdbdce
inst/include/Eigen/src/Core/Assign.h	ee87e13d58d537915bd0cbc466e59425
inst/include/Eigen/src/Core/AssignEvaluator.h	6f3db3cd818698c2c19e7334a25bad68
inst/include/Eigen/src/Core/BandMatrix.h	9951bfbd0ebb7388ff86ea488599a577
inst/include/Eigen/src/Core/Block.h	ca30591356b64fbcb37f72e4e0f4c8c0
inst/include/Eigen/src/Core/BooleanRedux.h	ce3feecb621af9961e12507b93c78f64
inst/include/Eigen/src/Core/CommaInitializer.h	f12f1b11b61167132d75acdb4604fc85
inst/include/Eigen/src/Core/ConditionEstimator.h	f8cd1f21019da8a5de7094b01055b5e2
inst/include/Eigen/src/Core/CoreEvaluators.h	cd264602b6e6d96fa79458364039e4dc
inst/include/Eigen/src/Core/CoreIterators.h	2170d1468014c409a911a8d75b08e101
inst/include/Eigen/src/Core/CwiseBinaryOp.h	ee3aaa93b6dafabb21b32970eda2c92b
inst/include/Eigen/src/Core/CwiseNullaryOp.h	a61a85b707c1bfd91f7ec2aa73353eb9
inst/include/Eigen/src/Core/CwiseTernaryOp.h	d1b300f2db147c44e8efd3965b3e236a
inst/include/Eigen/src/Core/CwiseUnaryOp.h	7d3e4cdd6611853e42fcf7416414e677
inst/include/Eigen/src/Core/CwiseUnaryView.h	0a822e911e015093ae5e261a0b067e57
inst/include/Eigen/src/Core/DenseBase.h	e8eb1ff37805d18d6a26e4f821fe4099
inst/include/Eigen/src/Core/DenseCoeffsBase.h	6ce38277d5f5557b2e91d1f5059478a0
inst/include/Eigen/src/Core/DenseStorage.h	332c4beb28938a85892ca249f9f71682
inst/include/Eigen/src/Core/Diagonal.h	4269cd5446dd3e1b75a7c1da1302b27c
inst/include/Eigen/src/Core/DiagonalMatrix.h	d6df22ac21add88b37ce586795ddee59
inst/include/Eigen/src/Core/DiagonalProduct.h	c98bc66c82e201fdf0d224b4b485454d
inst/include/Eigen/src/Core/Dot.h	bf80acc97cf60b9cf870554000522591
inst/include/Eigen/src/Core/EigenBase.h	b4c55dd945692ce504da3801a033e7d2
inst/include/Eigen/src/Core/ForceAlignedAccess.h	1991064bf2bfc62c08f74a77f7341488
inst/include/Eigen/src/Core/functors/AssignmentFunctors.h	3173559aeda799ea7110b0b395f020b4
inst/include/Eigen/src/Core/functors/BinaryFunctors.h	26fdd4b0e1f992a264af84429e92ad2d
inst/include/Eigen/src/Core/functors/NullaryFunctors.h	887548a06d7e5cc00d6874474eb80501
inst/include/Eigen/src/Core/functors/StlFunctors.h	5707388b8989c2ef61207097280a4f6e
inst/include/Eigen/src/Core/functors/TernaryFunctors.h	bcde622f6e8f3fa6a22feccb4907518f
inst/include/Eigen/src/Core/functors/UnaryFunctors.h	35eef13d14f9fb343215728840bc643a
inst/include/Eigen/src/Core/Fuzzy.h	aff434c5fb66db0698b41899c19c3cac
inst/include/Eigen/src/Core/GeneralProduct.h	0f8d025a52ad45a6d95bad802bb1dc3c
inst/include/Eigen/src/Core/GenericPacketMath.h	59e500a7ece6bb21359ee4480405f532
inst/include/Eigen/src/Core/GlobalFunctions.h	179f3d915354a047342692cb3e5f045a
inst/include/Eigen/src/Core/IndexedView.h	dc24fe7822e71daf6606b8634d02d769
inst/include/Eigen/src/Core/Inverse.h	d383b45610f5be5fe97085f7c94925c8
inst/include/Eigen/src/Core/IO.h	a7c663a0183539b201679507000b5d71
inst/include/Eigen/src/Core/Map.h	de260d365e311d39526b98cac59db29f
inst/include/Eigen/src/Core/MapBase.h	cba37023ad729001bdc1f44aee8ddaf4
inst/include/Eigen/src/Core/MathFunctions.h	ad2bd2b246eed7dd0cc6afe0ef9caf80
inst/include/Eigen/src/Core/MathFunctionsImpl.h	8e1afc569876c4a7c093e9c4c7078b44
inst/include/Eigen/src/Core/Matrix.h	0622be8830768a011865cf92f28f815d
inst/include/Eigen/src/Core/MatrixBase.h	8c876a9c927aa3c0b86081d9ee1be2a6
inst/include/Eigen/src/Core/NestByValue.h	196d298b6e41f0cbe11615a7ae9c5c03
inst/include/Eigen/src/Core/NoAlias.h	32bf81920e341e78e1a3a191f08d2911
inst/include/Eigen/src/Core/NumTraits.h	4496eeb0b722906c6a7ae2fc2e6b52cd
inst/include/Eigen/src/Core/PartialReduxEvaluator.h	2e6f187c558a152de2ec80ba965f7952
inst/include/Eigen/src/Core/PermutationMatrix.h	0cd11cbf270eca32c38f912090b5f694
inst/include/Eigen/src/Core/PlainObjectBase.h	69a4fcd14ddf17acbf51862df3a76248
inst/include/Eigen/src/Core/Product.h	22564df60904e7991ebd0b8148a3b2cd
inst/include/Eigen/src/Core/ProductEvaluators.h	5c1e8be423fcfaf719cd0071bf0cada0
inst/include/Eigen/src/Core/products/GeneralBlockPanelKernel.h	6f3af820c5dd67d16dfed3285be0fd57
inst/include/Eigen/src/Core/products/GeneralMatrixMatrix_BLAS.h	ba2f515e6a5b7b480d2b30fc6993668a
inst/include/Eigen/src/Core/products/GeneralMatrixMatrix.h	462bfeb265eabe911224d5ec0506736d
inst/include/Eigen/src/Core/products/GeneralMatrixMatrixTriangular_BLAS.h	c05ed3f002a96a84639364e8b0163e92
inst/include/Eigen/src/Core/products/GeneralMatrixMatrixTriangular.h	65cebdb846d5c9af2d5bb38f1b0f2745
inst/include/Eigen/src/Core/products/GeneralMatrixVector_BLAS.h	cdf5c4721b372237ca45c6792d497fa4
inst/include/Eigen/src/Core/products/GeneralMatrixVector.h	517e666638d03f2c95a7a3cef9b623b8
inst/include/Eigen/src/Core/products/Parallelizer.h	ef62740fc4b14576f4ddeecf7b89886e
inst/include/Eigen/src/Core/products/SelfadjointMatrixMatrix_BLAS.h	4387b005442d80b4d6d6f8b97ed19a46
inst/include/Eigen/src/Core/products/SelfadjointMatrixMatrix.h	48090a4f6107df8d103747624e7b4449
inst/include/Eigen/src/Core/products/SelfadjointMatrixVector_BLAS.h	b3c4de4cc9058b7d198c9573b1825112
inst/include/Eigen/src/Core/products/SelfadjointMatrixVector.h	f53417133b66fe42c4ed4f8fd04e84f8
inst/include/Eigen/src/Core/products/SelfadjointProduct.h	72ab2c1e9288bf204fa2c38277df19ec
inst/include/Eigen/src/Core/products/SelfadjointRank2Update.h	2f82a286df83e9d56a58d27d7a175241
inst/include/Eigen/src/Core/products/TriangularMatrixMatrix_BLAS.h	16750354416672507c557117b18adc91
inst/include/Eigen/src/Core/products/TriangularMatrixMatrix.h	2b64023bcb0d4ba24e0545ddf23c05ea
inst/include/Eigen/src/Core/products/TriangularMatrixVector_BLAS.h	2b3c7391c827c88987c76f199d84c839
inst/include/Eigen/src/Core/products/TriangularMatrixVector.h	40e9483b9c1cd7614cce6fe433cf37f5
inst/include/Eigen/src/Core/products/TriangularSolverMatrix_BLAS.h	8b85110f876cb655ce064e1d73040a97
inst/include/Eigen/src/Core/products/TriangularSolverMatrix.h	d84f957ec602fd796856a227eaab8196
inst/include/Eigen/src/Core/products/TriangularSolverVector.h	d9efe059a2f494eeb743dd3b5dce326d
inst/include/Eigen/src/Core/Random.h	d98ef910498ce2862a36134065437180
inst/include/Eigen/src/Core/Redux.h	6805acca17aa2ee1a4415f99e1c5e2ad
inst/include/Eigen/src/Core/Ref.h	9fdd22aee2e1405dac11e7c89ef21ea2
inst/include/Eigen/src/Core/Replicate.h	1fe4a31f7d0ae07750f675fde8c50077
inst/include/Eigen/src/Core/Reshaped.h	666109da17a24240328399d3c83a52ad
inst/include/Eigen/src/Core/ReturnByValue.h	2aff31f4dd9ba727f663018b6fb64b15
inst/include/Eigen/src/Core/Reverse.h	6dd655897dd69f6dfe0c80a3f15d570d
inst/include/Eigen/src/Core/Select.h	380a770ebe58c88373bed39084352fa1
inst/include/Eigen/src/Core/SelfAdjointView.h	92c84ac9f3d5f082087324f35fd43ca2
inst/include/Eigen/src/Core/SelfCwiseBinaryOp.h	897d2ce94b0417abf2123ce3733a8310
inst/include/Eigen/src/Core/Solve.h	a9138fe508e2c1d3ebde81ea10f346ff
inst/include/Eigen/src/Core/SolverBase.h	1728669436f06d2217a1acbc25e0652d
inst/include/Eigen/src/Core/SolveTriangular.h	44fc8adb3344a7c66ec79740e6c73e42
inst/include/Eigen/src/Core/StableNorm.h	6ca07f4ff21a829a66d5f4961b563f41
inst/include/Eigen/src/Core/StlIterators.h	8f84953a86a0c369dd30ab9ace48a4e4
inst/include/Eigen/src/Core/Stride.h	434caa1c6d2cac678733bdcb56f87955
inst/include/Eigen/src/Core/Swap.h	4e1eccdaee1bfcd6cc4a18fa83f79d07
inst/include/Eigen/src/Core/Transpose.h	c5d3e32c95df0538050042ca5727e1c6
inst/include/Eigen/src/Core/Transpositions.h	7a707e09534882ef199ed88da23743c4
inst/include/Eigen/src/Core/TriangularMatrix.h	4b9d138e539834ecdddc8b86ce5eb3b2
inst/include/Eigen/src/Core/util/BlasUtil.h	070a882fde6ab2a7ccf944fbd53c07ba
inst/include/Eigen/src/Core/util/ConfigureVectorization.h	54c8950e010de8b8e2e6d976ff327e71
inst/include/Eigen/src/Core/util/Constants.h	524daabe8b0ad6b04157d460b45dc71c
inst/include/Eigen/src/Core/util/DisableStupidWarnings.h	96b73930599c7bd0dabc35541ee348ee
inst/include/Eigen/src/Core/util/ForwardDeclarations.h	5321f87825811b679ba086d119636a79
inst/include/Eigen/src/Core/util/IndexedViewHelper.h	e8a432ad83dd1e332510fe10e2091b33
inst/include/Eigen/src/Core/util/IntegralConstant.h	7680c8bd0ee18e19577b1b0c7380eda4
inst/include/Eigen/src/Core/util/Macros.h	35ca1e12bda85d53a1622684f452cb0f
inst/include/Eigen/src/Core/util/Memory.h	8a980fda9472eee25b88fe8bdf3f47df
inst/include/Eigen/src/Core/util/Meta.h	5091d09f469f1105e8e0b90a03f1e1f3
inst/include/Eigen/src/Core/util/MKL_support.h	18aae1e5c1824fdd615691e36584195f
inst/include/Eigen/src/Core/util/NonMPL2.h	c4ca2e16c302c71df98732240109e7e0
inst/include/Eigen/src/Core/util/ReenableStupidWarnings.h	5bcfb6a329dcd5028a8cb34b663cfef6
inst/include/Eigen/src/Core/util/ReshapedHelper.h	58b03232b4fa1cc3f2538e9cf6290f6c
inst/include/Eigen/src/Core/util/StaticAssert.h	3b585e1b5e5da798cafae55fc6d4cb26
inst/include/Eigen/src/Core/util/SymbolicIndex.h	90b5ebe2dd38c421f22f0e4346220128
inst/include/Eigen/src/Core/util/XprHelper.h	32cd41fd1ed3bd3fd615f9ed56b0e1e8
inst/include/Eigen/src/Core/VectorBlock.h	c90e5017218d387169e1de632bafe989
inst/include/Eigen/src/Core/VectorwiseOp.h	c44a3977b15c671570a9c40f162c16ae
inst/include/Eigen/src/Core/Visitor.h	e3949c304fd0f0b8d818f55d496592eb
inst/include/Eigen/src/Eigenvalues/ComplexEigenSolver.h	30055c308d945119bc025b0811b0f83a
inst/include/Eigen/src/Eigenvalues/ComplexSchur_LAPACKE.h	2555626edfca98529090a0997c336abf
inst/include/Eigen/src/Eigenvalues/ComplexSchur.h	af23a6147de0154039ea815d3ed9ac81
inst/include/Eigen/src/Eigenvalues/EigenSolver.h	baa22346cdf27a59648055aa445edbfe
inst/include/Eigen/src/Eigenvalues/GeneralizedEigenSolver.h	b81925277584de764f8d31b0b02fc584
inst/include/Eigen/src/Eigenvalues/GeneralizedSelfAdjointEigenSolver.h	b5b7fdfc0837ab65092a36e9861289e9
inst/include/Eigen/src/Eigenvalues/HessenbergDecomposition.h	b29bd73a0fdb3acaa55b90057846bbd0
inst/include/Eigen/src/Eigenvalues/MatrixBaseEigenvalues.h	89ee9085ead2ae20e35b181408377f83
inst/include/Eigen/src/Eigenvalues/RealQZ.h	544b0af45362ef8848955ff6e6cd4118
inst/include/Eigen/src/Eigenvalues/RealSchur_LAPACKE.h	10c5af47ddd5e16ccb7a320dcd600492
inst/include/Eigen/src/Eigenvalues/RealSchur.h	5624e33cbaa28ee63c46dd7ae764ca22
inst/include/Eigen/src/Eigenvalues/SelfAdjointEigenSolver_LAPACKE.h	eaca77e68a4289a23230708222d4d39c
inst/include/Eigen/src/Eigenvalues/SelfAdjointEigenSolver.h	f5a29f0450d35f396c9001818a6ed431
inst/include/Eigen/src/Eigenvalues/Tridiagonalization.h	f279721c98dc0136651ee180cdc83864
inst/include/Eigen/src/Geometry/AlignedBox.h	df9023c12bca691bf96ccd1f6aa46787
inst/include/Eigen/src/Geometry/AngleAxis.h	a68f17dafd98a9e53d09c2f2cf9a26c7
inst/include/Eigen/src/Geometry/arch/Geometry_SIMD.h	4a1990f7e43fc51601dc5b45d3588aa9
inst/include/Eigen/src/Geometry/EulerAngles.h	a6a60dec0043515f0fb9e01708a500cb
inst/include/Eigen/src/Geometry/Homogeneous.h	0aeaf85793e7a6d1bec92e755a2228c3
inst/include/Eigen/src/Geometry/Hyperplane.h	8f73fb2f90452392f75687a82c50d6d3
inst/include/Eigen/src/Geometry/OrthoMethods.h	385c034ba5489035f82962e9900604a0
inst/include/Eigen/src/Geometry/ParametrizedLine.h	6a89a934a1907e21785445aefb6676f4
inst/include/Eigen/src/Geometry/Quaternion.h	6167d1c4fe02187fce8711029b4300e5
inst/include/Eigen/src/Geometry/Rotation2D.h	9761fa57781c85a08a91d5add80591a7
inst/include/Eigen/src/Geometry/RotationBase.h	ac623d0fac2a116d9c06b23c8980d0c7
inst/include/Eigen/src/Geometry/Scaling.h	a2ca635a91c609b7cc04b9f93fb63557
inst/include/Eigen/src/Geometry/Transform.h	945a726ad581c2094e9c2df50a0b35b0
inst/include/Eigen/src/Geometry/Translation.h	1d901c1f895f7deeb3064e2fa40797d9
inst/include/Eigen/src/Geometry/Umeyama.h	96e84c0d16e8ab0b86a30a5dc0170a8d
inst/include/Eigen/src/Householder/BlockHouseholder.h	e616b6c79f8585000c341130304fb505
inst/include/Eigen/src/Householder/Householder.h	eafe0af2a8a3f6d31c7a9e9289db091c
inst/include/Eigen/src/Householder/HouseholderSequence.h	9964e4c6105e11ea30800379a9c9c42c
inst/include/Eigen/src/IterativeLinearSolvers/BasicPreconditioners.h	bcecbad4f12eadff9c4a8c9e38598238
inst/include/Eigen/src/IterativeLinearSolvers/BiCGSTAB.h	e17a6edbfcdad1e6dc347a1f07ca8378
inst/include/Eigen/src/IterativeLinearSolvers/ConjugateGradient.h	6d26e8ed13906e3ee69a8a194630d795
inst/include/Eigen/src/IterativeLinearSolvers/IncompleteCholesky.h	b8cbc38f82fea3b5f847c4e0ab5275ea
inst/include/Eigen/src/IterativeLinearSolvers/IncompleteLUT.h	750ce867811ca64e5c99a9969b42755a
inst/include/Eigen/src/IterativeLinearSolvers/IterativeSolverBase.h	03227d1d680fb5e1d36105aca9ac2433
inst/include/Eigen/src/IterativeLinearSolvers/LeastSquareConjugateGradient.h	ef29a7509ad32bdfb424e93f1f27c2ac
inst/include/Eigen/src/IterativeLinearSolvers/SolveWithGuess.h	4c6cebdd36c8399f03fea7d9fedb268a
inst/include/Eigen/src/Jacobi/Jacobi.h	e6e33db6c0e9404873f5c4f0cf35affa
inst/include/Eigen/src/KLUSupport/KLUSupport.h	03f84ae4be7cf89985c79fb0bcc05fbe
inst/include/Eigen/src/LU/arch/InverseSize4.h	c90df35abb13baa4d77cbc2d960b64ab
inst/include/Eigen/src/LU/Determinant.h	7ffff43e112f6635eb0c455cf39822f1
inst/include/Eigen/src/LU/FullPivLU.h	b852e010dd38631e116c8ec16c9f8437
inst/include/Eigen/src/LU/InverseImpl.h	3f2fc7624ca164d4f6884e300e35e37b
inst/include/Eigen/src/LU/PartialPivLU_LAPACKE.h	9e5f31822442bfdb277a0f78b183306f
inst/include/Eigen/src/LU/PartialPivLU.h	4899b6e36ea340cd127cd37ece55d195
inst/include/Eigen/src/MetisSupport/MetisSupport.h	5dbb0113de10441d8d1f996fb9cd085e
inst/include/Eigen/src/misc/blas.h	5c3a7f49587dc7962f1d6a3905ab75eb
inst/include/Eigen/src/misc/Image.h	c850487641ece48cb76f0ed6eb162b55
inst/include/Eigen/src/misc/Kernel.h	204aec7b6cbd46a40fecb67549751f32
inst/include/Eigen/src/misc/lapack.h	6b21f68118e06a562cf64f3e385d5e0d
inst/include/Eigen/src/misc/lapacke_mangling.h	78a253bca660904aae9b45474fbc88bb
inst/include/Eigen/src/misc/lapacke.h	a048ab6772f93f28d18bfef8f98d0f7d
inst/include/Eigen/src/misc/RealSvd2x2.h	62b9105c4ceb13dd8f7747adb6019a3a
inst/include/Eigen/src/OrderingMethods/Amd.h	8de296e44450afd05c27d56e1b9601fd
inst/include/Eigen/src/OrderingMethods/Eigen_Colamd.h	665b2e5eddcb2cc874b9ebc373899d91
inst/include/Eigen/src/OrderingMethods/Ordering.h	d72f08e34d076a79587d7ec20dcccb6d
inst/include/Eigen/src/PardisoSupport/PardisoSupport.h	eccb80bd7c73941aa0ce3bf85736db46
inst/include/Eigen/src/PaStiXSupport/PaStiXSupport.h	88e3776a970754fa5cc7f38160bd725a
inst/include/Eigen/src/plugins/ArrayCwiseBinaryOps.h	42429baaf47ae7b289ebe6889baefaa6
inst/include/Eigen/src/plugins/ArrayCwiseUnaryOps.h	6deec1ad021076ea6ab50d8455f9305e
inst/include/Eigen/src/plugins/BlockMethods.h	85e04e86e084a6ab310701e08ef738db
inst/include/Eigen/src/plugins/CommonCwiseBinaryOps.h	0a4e2987ce97a2988f02e202d8d721dd
inst/include/Eigen/src/plugins/CommonCwiseUnaryOps.h	31b1395d3465cb91f22f4abd59e10ff2
inst/include/Eigen/src/plugins/IndexedViewMethods.h	04321efbca30d74a62e9f793ce76ee35
inst/include/Eigen/src/plugins/MatrixCwiseBinaryOps.h	57a3069a059090096d36532f1c7f5be1
inst/include/Eigen/src/plugins/MatrixCwiseUnaryOps.h	c2c96628d2be989f2809f8d90919c483
inst/include/Eigen/src/plugins/ReshapedMethods.h	029331e21a26ca36f285500c6e7c0d2c
inst/include/Eigen/src/QR/ColPivHouseholderQR_LAPACKE.h	5549163935d111d6ea09c19bb848b696
inst/include/Eigen/src/QR/ColPivHouseholderQR.h	10e132b46d89ac03bb3cc5a244387715
inst/include/Eigen/src/QR/CompleteOrthogonalDecomposition.h	e4875466f8a0aa013e1725a57a020ee3
inst/include/Eigen/src/QR/FullPivHouseholderQR.h	61c9b9331ecab50b61fea9d8a4f428e7
inst/include/Eigen/src/QR/HouseholderQR_LAPACKE.h	5a6fb56c5132fd49451bd9c2da752833
inst/include/Eigen/src/QR/HouseholderQR.h	f67327f177405d11c5f3beb8210f5cbd
inst/include/Eigen/src/SparseCholesky/SimplicialCholesky_impl.h	c1876efaf959f6a7f66d0bf8bd572eee
inst/include/Eigen/src/SparseCholesky/SimplicialCholesky.h	ee59e519e968229b1ccbabf532ca2cac
inst/include/Eigen/src/SparseCore/AmbiVector.h	c2a3e3e4dca66c99172c172cafcbeffc
inst/include/Eigen/src/SparseCore/CompressedStorage.h	f0b3947776d1f81fceb142e77f4cc96a
inst/include/Eigen/src/SparseCore/ConservativeSparseSparseProduct.h	eb0e2921618f7a0d03df1b8e56cfd6e9
inst/include/Eigen/src/SparseCore/MappedSparseMatrix.h	0884d5b081e7f51dc171dd1800202384
inst/include/Eigen/src/SparseCore/SparseAssign.h	c97932af3160f16b0952d0a0b064e73a
inst/include/Eigen/src/SparseCore/SparseBlock.h	d2517b9b4359dffcb5d72ad1f90e36b1
inst/include/Eigen/src/SparseCore/SparseColEtree.h	b2f2001a8c8a897cffd4bdab6a633af0
inst/include/Eigen/src/SparseCore/SparseCompressedBase.h	4f9df1f9f74d642abcae0fefb9d80c33
inst/include/Eigen/src/SparseCore/SparseCwiseBinaryOp.h	d02bdcfbacec3837b3b38702e6ee23ad
inst/include/Eigen/src/SparseCore/SparseCwiseUnaryOp.h	50b39b36aa74a4e8bb575769714a782d
inst/include/Eigen/src/SparseCore/SparseDenseProduct.h	51daae3ce550d9acbf4ac00a53c5f41a
inst/include/Eigen/src/SparseCore/SparseDiagonalProduct.h	a5b0bea9c6fba7de90d0d9d13ccc1ba8
inst/include/Eigen/src/SparseCore/SparseDot.h	70c41e25cddfc6f434c3b538f1408107
inst/include/Eigen/src/SparseCore/SparseFuzzy.h	3286f132a4926940c987390f47be3d7a
inst/include/Eigen/src/SparseCore/SparseMap.h	df51c9241f0b09618e91429df9152562
inst/include/Eigen/src/SparseCore/SparseMatrix.h	44a3e99834d97901640edf78f7a2dd27
inst/include/Eigen/src/SparseCore/SparseMatrixBase.h	b969205a8ee249ff6630ed45bf98ab73
inst/include/Eigen/src/SparseCore/SparsePermutation.h	fbc26e89dfb89c64081ce2ce645d399c
inst/include/Eigen/src/SparseCore/SparseProduct.h	c9f504ba9d93a52833f8d33e499d4de0
inst/include/Eigen/src/SparseCore/SparseRedux.h	a158561b3c68f135e55a18df9a07e52c
inst/include/Eigen/src/SparseCore/SparseRef.h	cdc958c4134408cfba40648faa92b900
inst/include/Eigen/src/SparseCore/SparseSelfAdjointView.h	97f7b4a6934f9c75bf782f4c849d7cc3
inst/include/Eigen/src/SparseCore/SparseSolverBase.h	c97f6e2a1e4958ad9e0be90050bcdcfc
inst/include/Eigen/src/SparseCore/SparseSparseProductWithPruning.h	a755b2ac228e2eb0a0fa97773100df3f
inst/include/Eigen/src/SparseCore/SparseTranspose.h	f79edcfc05ae044bd9c3ff584b0a8951
inst/include/Eigen/src/SparseCore/SparseTriangularView.h	b0cd41339687152b78311edce045fece
inst/include/Eigen/src/SparseCore/SparseUtil.h	30d426dca5960cb0e3078fde35374ddc
inst/include/Eigen/src/SparseCore/SparseVector.h	fa560763cd7a5bb20d5878698a4c6243
inst/include/Eigen/src/SparseCore/SparseView.h	2bd75163656dd29db5bab551f6890913
inst/include/Eigen/src/SparseCore/TriangularSolver.h	992385ec25a8dd003eb572df6e31e48e
inst/include/Eigen/src/SparseLU/SparseLU_column_bmod.h	5dff2c3c59cb15e6df2da1b0e66145a7
inst/include/Eigen/src/SparseLU/SparseLU_column_dfs.h	30dab09f618e660469bfa3ee64adad41
inst/include/Eigen/src/SparseLU/SparseLU_copy_to_ucol.h	551299f37e2ee9640ff95769358f79b2
inst/include/Eigen/src/SparseLU/SparseLU_gemm_kernel.h	594d09438b2bada027b73e9bd734944a
inst/include/Eigen/src/SparseLU/SparseLU_heap_relax_snode.h	e7176217df3417b49490def22406193f
inst/include/Eigen/src/SparseLU/SparseLU_kernel_bmod.h	c1e457785aca12c411e4d4f1604982fb
inst/include/Eigen/src/SparseLU/SparseLU_Memory.h	6d0afb3241a3d73846d164c342954b29
inst/include/Eigen/src/SparseLU/SparseLU_panel_bmod.h	28a13019f675d1221e1743af48382a10
inst/include/Eigen/src/SparseLU/SparseLU_panel_dfs.h	76b774de3134b8136b8b869f2c18a9b5
inst/include/Eigen/src/SparseLU/SparseLU_pivotL.h	e40b8ca24a6f9a1cd81995818acff05a
inst/include/Eigen/src/SparseLU/SparseLU_pruneL.h	98a63ced95b43ba2ef87d654555d6a11
inst/include/Eigen/src/SparseLU/SparseLU_relax_snode.h	cfba7ff37fee21d1a94d8b5e86d06be0
inst/include/Eigen/src/SparseLU/SparseLU_Structs.h	3d4309877f3eb4325af2643aab1e23a9
inst/include/Eigen/src/SparseLU/SparseLU_SupernodalMatrix.h	706ae5c3d9293e71ab54729ce6d998d8
inst/include/Eigen/src/SparseLU/SparseLU_Utils.h	8aaa285321fd675fea2b4d31754e0f95
inst/include/Eigen/src/SparseLU/SparseLU.h	0e066407863da1f2b319925190dbcf39
inst/include/Eigen/src/SparseLU/SparseLUImpl.h	cbfff2f704bcf8ca688daf09ff50947c
inst/include/Eigen/src/SparseQR/SparseQR.h	37c8bddfc7afd91acfb2377195237725
inst/include/Eigen/src/SPQRSupport/SuiteSparseQRSupport.h	fca07660088d80bae414808ff49e8553
inst/include/Eigen/src/StlSupport/details.h	4ca2b8ce970639b16e3607774bd0e0c1
inst/include/Eigen/src/StlSupport/StdDeque.h	3ed7e7cc49cc30d11ddffe2140c35f11
inst/include/Eigen/src/StlSupport/StdList.h	5f37a7a9ca8db822562aee07b9f0e91a
inst/include/Eigen/src/StlSupport/StdVector.h	a18c9208acd9db9ecc9643eebe051c74
inst/include/Eigen/src/SuperLUSupport/SuperLUSupport.h	64f57bfac851f3a8f748a0283abc2688
inst/include/Eigen/src/SVD/BDCSVD.h	1f1de7a316f6deefc12ef268353c33a1
inst/include/Eigen/src/SVD/JacobiSVD_LAPACKE.h	80266065e69cd87a54ab72cf61fd8c75
inst/include/Eigen/src/SVD/JacobiSVD.h	87c2dc197df35a2d43d76e5a11bbd967
inst/include/Eigen/src/SVD/SVDBase.h	fd337c9be2444b6da9d69dcaffbb7b14
inst/include/Eigen/src/SVD/UpperBidiagonalization.h	03a72cb129c240808a4a62d44837677d
inst/include/Eigen/src/UmfPackSupport/UmfPackSupport.h	883329bb82305c48528a1084a43ff399
inst/include/Eigen/StdDeque	4cce81671567f95d091ba804dabe5dea
inst/include/Eigen/StdList	5532886591f4b7af430ba6a959570f50
inst/include/Eigen/StdVector	8427ab22ff8235eaca7414fe91c28679
inst/include/Eigen/SuperLUSupport	e9debf276c69bf6c2069ca30c17aeea7
inst/include/Eigen/SVD	49589ccc9db3334105e1399803dba5df
inst/include/Eigen/UmfPackSupport	9dd93af950d3f4d6874967fbd71a7b33
inst/include/gflow/1D_linear_models.h	0bf5b30810454dff7e6474ec3fb3c99e
inst/include/gflow/adaptive_local_logistic.h	f59c6ad5583c877aa95dabd773ebaa5d
inst/include/gflow/adaptive_nbhd_size.hpp	893551d84343837ce947c502b292b9d1
inst/include/gflow/agemalo.hpp	4c555813b7439a698554ee6d364d87ce
inst/include/gflow/bandwidth_utils.hpp	666c6b848041b3c4682681cb060162b4
inst/include/gflow/basin.hpp	22a50c6d4ba27ba64650485aa4b1ad91
inst/include/gflow/centered_paths_r.h	cdbc84453678c3a441da2faa9c80b97b
inst/include/gflow/centered_paths.hpp	04fcae71c4c55c22b45ff8fc4c0bcb7f
inst/include/gflow/circular_param_result.hpp	634612cb72d46fccf2ad5e070aaeb752
inst/include/gflow/cpp_mstrees_r.h	e5a11e037ba51e5539b6f0fa9e44014a
inst/include/gflow/cpp_stats_utils_r.h	24787171edcbf0b6200394ee6902f4a5
inst/include/gflow/cpp_stats_utils.hpp	1043ebd0fe4a59769296c59109948087
inst/include/gflow/cpp_utils.hpp	8295650123cc0f08f46e37191d917563
inst/include/gflow/debug_serialization.hpp	d7c49006b89f4a6f6c43c9057c74eeef
inst/include/gflow/density.hpp	3a091a27be435a12ecbcb099699b1ecc
inst/include/gflow/edge_info.hpp	4bbea98f112c40b94a37c1af62f59b30
inst/include/gflow/edge_pruning_stats.hpp	ece6a41bdc0ed8059ba75356a42f447d
inst/include/gflow/edge_weights.hpp	50589205ec7f2dad226ff6a6189cbada
inst/include/gflow/eigen_config.hpp	57ad880f8dc09519c93a6c02aa1bb872
inst/include/gflow/Eigen_utils.h	037a9e361d0536f3d4701d311694da3a
inst/include/gflow/error_utils.h	c6ff15ef4aaa01ff4cfb4a325e3cf40f
inst/include/gflow/exec_policy.hpp	b83b1d6b81d8f15669dc527f3f44d545
inst/include/gflow/explored_tracker.hpp	06fa74f5902a42e8382b8917facb1243
inst/include/gflow/ext_ulm_priority_queue.hpp	0d7929e2b911aca9fa41dee96e10502e
inst/include/gflow/fn_graphs_r.h	a5733213fd7b9264150b221aaf79d9f1
inst/include/gflow/fns_over_graphs_r.h	514bcdcdaf32e497d326b9de54f04a25
inst/include/gflow/geodesic_stats_r.h	445a691b424ec67714053977c5c080fe
inst/include/gflow/geodesic_stats.hpp	144ca085f96932e148280936309b6072
inst/include/gflow/gfassoc_membership.hpp	12819c44c9fef03cb24a94e7ce1db1b9
inst/include/gflow/gfassoc_polarity.hpp	eeed8b244e286adce8f221dfbe25c02e
inst/include/gflow/gfassoc_r.h	ec1ee472032f2a3d14b00c1faee0626f
inst/include/gflow/gfassoc_types.hpp	dfa868236ce516d7c65cd1b9732dcbf5
inst/include/gflow/gfc_flow_r.h	47cdc8a2c99ffa6f8bde13d86e25c1e4
inst/include/gflow/gfc_flow.hpp	e2d012c5fa130140f7db1f0fecd10b05
inst/include/gflow/gfc_r.h	8828b21d3b8c87b5936634979a89b809
inst/include/gflow/gfc.hpp	6865c3cb130a416f3eec71e9461dae0d
inst/include/gflow/gflow_basins_r.h	8620fa1fbbddfb143a5a86ee467fe182
inst/include/gflow/gflow_cx_r.h	0e7f484a71d313b2bbab69a644e8d14f
inst/include/gflow/gflow_cx.hpp	bb29bb4a9aefb1f90cd52972a4e3eb55
inst/include/gflow/gflow_macros.h	3b65a8db2d8027c7e44dd5adc1e130ee
inst/include/gflow/gflow_modulation.hpp	1028036aac56c9936ab6d357bd97d07f
inst/include/gflow/gradient_basin.hpp	5bb531c8dba336c8311c9fa33c5b694b
inst/include/gflow/gradient_flow.hpp	aaa29f24a7a99f219a9b84cfc5964839
inst/include/gflow/graph_bw_adaptive_spectral_smoother.hpp	41f3d3a1c85fa1e42e7fe779294431db
inst/include/gflow/graph_conn_components_r.h	549f252208f6c20ff8ad75faefeff604
inst/include/gflow/graph_core_endpoints_r.h	ab33d03077389e562d90b2f8cace6a19
inst/include/gflow/graph_cycles_r.h	8160323c572e3cfbfc6cc63b234d64c8
inst/include/gflow/graph_deg0_lowess_buffer_cv.hpp	268a19c8eeffa25d94bb68f50c3644f0
inst/include/gflow/graph_deg0_lowess_cv_mat.hpp	6bc6c65bb2445e2e5b73f2ec4ca4bce8
inst/include/gflow/graph_deg0_lowess_cv.hpp	fa75b548e67e258eea71b8163aa33a12
inst/include/gflow/graph_diffusion_smoother.h	c801a6bda6dd91d037196a0de1607bc7
inst/include/gflow/graph_diffusion_smoother.hpp	ab6dbff09010d5926880bed4f4918bf9
inst/include/gflow/graph_edit_distance_r.h	f0c1d2887d3743257283823c6f4cc44b
inst/include/gflow/graph_gradient_flow_r.h	4dadceeb1642fd03c84416cc772df681
inst/include/gflow/graph_kernel_smoother.hpp	7baf0da6b080067d86d45d2b6ed5979f
inst/include/gflow/graph_laplacian_fourier.hpp	97dd025a231d01711e883f238d5a624b
inst/include/gflow/graph_maximal_packing.hpp	076f4b85dd8ffa8ac4a26bb0130f8b82
inst/include/gflow/graph_ms_cx_r.h	46a37d0dfa4ea1d9d5c9ba09fe866a1c
inst/include/gflow/graph_shortest_path_r.h	ac5d5221ed50d7cbd9e97d9fb376f7b5
inst/include/gflow/graph_shortest_path.hpp	13545ca30ad310f5302026014dff6f46
inst/include/gflow/graph_spectral_filter.hpp	d971aeeb34040bc932963c5495e6f203
inst/include/gflow/graph_spectral_lowess.hpp	6e20ba0ce1f8cf26540185609d79b03a
inst/include/gflow/graph_spectrum_r.h	762019bbb67c43ea880fc81606095d95
inst/include/gflow/graph_utils_r.h	6944d5a74e9ff9d517fd4753fa8818e9
inst/include/gflow/graph_utils.hpp	ca034292cac8b930614ba83015cf9303
inst/include/gflow/grid_vertex_path_model_priority_queue.hpp	2a065bfc32eb76563eac9d0dee1f2428
inst/include/gflow/grids.h	973fdb583d383d772c69c3e4676155cc
inst/include/gflow/harmonic_extender.hpp	31796a62326dfb7bd9cf77b50a1fabb1
inst/include/gflow/harmonic_extension_r.h	76079396648d918e3d47203d426e2c04
inst/include/gflow/harmonic_extension.hpp	03d5ca1d55da66598e233cb01b614cc1
inst/include/gflow/harmonic_smoother_r.h	e203ded3a58b605eef5c2bf681641fe0
inst/include/gflow/harmonic_smoother.hpp	22b154aef00693670fe4db2ec366b340
inst/include/gflow/iknn_graphs_r.h	4bc36d3960b44e27d1870fe024678afb
inst/include/gflow/iknn_graphs.hpp	f6ad8cb0effd164d8b6b75ea5cd816d8
inst/include/gflow/iknn_vertex.hpp	36d1d3915a778a7491726fb152bb420e
inst/include/gflow/invalid_vertex.hpp	f9085e6e8085984134771d3b2bb6301b
inst/include/gflow/kernel_utils.hpp	5901d8c7e56520916bf70a6659f8fcf8
inst/include/gflow/kernels.h	b5757eb89c526466d7eab8b2ef3ec41b
inst/include/gflow/klaps_low_pass_smoother.hpp	dabb1c97fd9558eb7aa2eede6ef57d97
inst/include/gflow/kNN_r.h	f026b1cc0c65f9bd24834d167227a87d
inst/include/gflow/knn_search_result.hpp	80d1882e5c04fd1719afc7ff97b08891
inst/include/gflow/kNN.h	efed7dbaad6c9397a3ebe34abcffd4fc
inst/include/gflow/lcor_r.h	2c16455f319e56de073b5e3b20d11250
inst/include/gflow/lcor.hpp	5943d5c7cd992f8f049e2ab4deef3d18
inst/include/gflow/lm.h	c80e5a40013bd350ae1a23584218d75e
inst/include/gflow/local_complexity_r.h	abe90dedba4c78f343b5827c5f3f04fe
inst/include/gflow/local_extrema_r.h	e04071cc5e7b4471af28a1af9d4c82ac
inst/include/gflow/lslope_r.h	8a33448232ee3340af71df5f402b9d0c
inst/include/gflow/lslope.hpp	2691623112f4c5a48d8704f3724de436
inst/include/gflow/madag_r.h	e8c51e861cb921466e89f8001dc3a8bc
inst/include/gflow/madag.hpp	300eb30b4e74efe3f277b10d55112962
inst/include/gflow/mean_shift_smoother_r.h	1cde13274e8376ddc234b3f1460b2060
inst/include/gflow/mean_shift_smoother.hpp	d3574c016cbb6a2e6dcaa3491f22b623
inst/include/gflow/memory_utils.hpp	8e125fb5bca6d452ea299d9c9b63fdee
inst/include/gflow/mlm.hpp	f7d568847c3cd0dcea8b8b4d8522a2b4
inst/include/gflow/monotonic_reachability_r.h	31a121e3ddc56747ab23c19507715472
inst/include/gflow/MS_complex.h	def52c9eeaeb64c7b917c83bc44c5ad7
inst/include/gflow/msr2.h	d7e3b5f7b50360c687f99ca1231433e7
inst/include/gflow/mstree_total_length_r.h	68090ea9c97d7d186412958b1e1d18a5
inst/include/gflow/mstree.h	4f755f7642c1fe2d08122c5772da182d
inst/include/gflow/nerve_cx_r.h	7bcd583c8eaa155b4150babc4ba37d8a
inst/include/gflow/nerve_cx_spectral_filter.hpp	cc94f85a232587afb49b76fb0279d70c
inst/include/gflow/nerve_cx.hpp	8ff99e168e14a030420db61cd6e2e9e5
inst/include/gflow/omp_compat.h	1f1f7133ebf8beb4a72a112f29d6f33a
inst/include/gflow/omp_hygiene.h	ad540294a721ecdb722f4baa9aa19370
inst/include/gflow/opt_bw.hpp	ac2d451c85438efa8e1bb04dd1f14ea4
inst/include/gflow/parameterize_circular_graph_r.h	3d8298291d15373baf055b30cd056ef0
inst/include/gflow/partition_graph_r.h	32035402732fa14133868d2050adfdf9
inst/include/gflow/partition_graph.hpp	697aaa618bf843dcd6f48dcb701be363
inst/include/gflow/path_graphs.hpp	741797e675f62c3ccd44a5fb97c84824
inst/include/gflow/pglm.h	aeee60f64c410629cf41c9651f7ab60c
inst/include/gflow/pgmalo.hpp	fafb7206e84a9a15b20a17ccffc0cbaf
inst/include/gflow/pgmalog.hpp	ab466b8ac84a89c5deb05dea12fbedd5
inst/include/gflow/predictive_errors.hpp	a8f0647b72dbf464d6a6fe3db28890e3
inst/include/gflow/progress_utils.hpp	40bfc3dbaa0cadca140e7728f6d382f9
inst/include/gflow/pruning_long_edges_r.h	de608c859375d31e2dfe0fcdfe264530
inst/include/gflow/random_sampling_r.h	9a793e0bf8fb57fd0cd0e956d737f520
inst/include/gflow/rcpp_converters.hpp	33531b5c00c2a5674ebe25fb6b5b09cb
inst/include/gflow/reachability_map.hpp	7f43c9627a0484ea25dd22b107040050
inst/include/gflow/riem_dcx_posterior_r.h	310f950ce29af02f2dd4e4f0ba9e48ff
inst/include/gflow/riem_dcx_r.h	f081a397d031590be923478927c56128
inst/include/gflow/riem_dcx.hpp	fbd02dc6925e7291957369ab1bb659a6
inst/include/gflow/sampling.h	75b24cbf0809774e43fcd10b219898cd
inst/include/gflow/se_tree.hpp	120381822b11910ed6662e087a2657c2
inst/include/gflow/set_wgraph_r.h	fa63590c2dba2e1b988a826e345307d4
inst/include/gflow/set_wgraph.hpp	06c5996ff079e98bab9c619382554f79
inst/include/gflow/SEXP_cpp_conversion_utils.hpp	a2eb04b9a93db35e0ff95d6fbe86884b
inst/include/gflow/simplex_weights.hpp	9f42628f932d460a2a2defb08015e530
inst/include/gflow/sort_utils.hpp	e865b1c7d76afc23ea67bbf063798db4
inst/include/gflow/stats_utils.h	3c43d7d121f6019036249fa2d29f02c4
inst/include/gflow/traj_clustering_r.h	c93df377bfb8895bc9bfe820599cb446
inst/include/gflow/traj_clustering.hpp	c473887dd61f0e052f469f366b4f8997
inst/include/gflow/ulm.hpp	11bfc40d9f19ae904b2887169d8e9990
inst/include/gflow/ulogit_r.h	7f298f74ab6e94bd10cfff108fc1b95c
inst/include/gflow/ulogit.hpp	c78b72f05bc6c7b856987e7eaf9d97e9
inst/include/gflow/uniform_grid_graph.hpp	08abb1ad0e3f7f698a8aac6ae81f7e39
inst/include/gflow/vect_wgraph.hpp	178a6e19cb11305c5236f57738f3150d
inst/include/gflow/vertex_info.hpp	c656ff6ded872bfa85e85ad210d0cf50
inst/include/gflow/vertex_path.hpp	19daecdb657c4635a429c569dffc81a2
inst/include/gflow/wasserstein_dist.h	72ac52e750bfea316295ef0a75a85bbc
inst/include/gflow/wasserstein_perm_test.hpp	faa32da9bb3dbfb036c051ea1c55eb6b
inst/include/gflow/weighted_correlation.hpp	9aeacc1f1e4f7c48674d2044a61771d0
inst/include/gflow/win_compat.hpp	5919fce670c6681b48925c3c92247fec
inst/include/Spectra/contrib/LOBPCGSolver.h	142d7fcf750fca79685d9f0cd45cb525
inst/include/Spectra/contrib/PartialSVDSolver.h	144dd036e83d04be6d614e79a53e3871
inst/include/Spectra/DavidsonSymEigsSolver.h	c1ee227f3ae984057aec6d3ea6cfe2fe
inst/include/Spectra/GenEigsBase.h	5b019ba50a535546adf5ec51f1c30103
inst/include/Spectra/GenEigsComplexShiftSolver.h	de7b5880ce66c172f37c060cbc0ecb1e
inst/include/Spectra/GenEigsRealShiftSolver.h	e83519baa33fd574e03c7071a916453c
inst/include/Spectra/GenEigsSolver.h	bed19d2a74f920df0249aa3f6b7bfb62
inst/include/Spectra/JDSymEigsBase.h	e87a45a80d582952150ec4c0277a81f2
inst/include/Spectra/LinAlg/Arnoldi.h	a981eac5d7487a750a53009fc062f42c
inst/include/Spectra/LinAlg/BKLDLT.h	094b8356361a262b66a093893df3478f
inst/include/Spectra/LinAlg/DoubleShiftQR.h	943d58c092bf078735a03c9eb87a159b
inst/include/Spectra/LinAlg/Lanczos.h	45503f9de9be84bee3266838f11fa113
inst/include/Spectra/LinAlg/Orthogonalization.h	f760a5b52afcb286efa022f526bd6a10
inst/include/Spectra/LinAlg/RitzPairs.h	098de799c17fa743e50e1276656812b7
inst/include/Spectra/LinAlg/SearchSpace.h	4c0bf13024b94a4b1da295629d3e365f
inst/include/Spectra/LinAlg/TridiagEigen.h	beac8733378d80819c49bdbdeb9ed361
inst/include/Spectra/LinAlg/UpperHessenbergEigen.h	a2afb1f2a42121bc922f493caf1d59b5
inst/include/Spectra/LinAlg/UpperHessenbergQR.h	73c1a6b5e55d0e818360175ece0dda88
inst/include/Spectra/LinAlg/UpperHessenbergSchur.h	8f3b7ce85a3858d2a35130fe9e226cfb
inst/include/Spectra/MatOp/DenseCholesky.h	954d49df19858f7761150d98084348a0
inst/include/Spectra/MatOp/DenseGenComplexShiftSolve.h	c77ab337e635c81c9988121094b65601
inst/include/Spectra/MatOp/DenseGenMatProd.h	ffb5b852b03c2ba83b0ed214aaf8d1d5
inst/include/Spectra/MatOp/DenseGenRealShiftSolve.h	0afe5882a3b247ea9b5426ab2dec7f3c
inst/include/Spectra/MatOp/DenseSymMatProd.h	fe8159c7bd9edddcc7674814cc3dccee
inst/include/Spectra/MatOp/DenseSymShiftSolve.h	6397ea085cfa5a1b753d1348ed0b4345
inst/include/Spectra/MatOp/internal/ArnoldiOp.h	4d80fd356ce67f7549c9ba4348cfc0b2
inst/include/Spectra/MatOp/internal/SymGEigsBucklingOp.h	c13b7717d6a4d6761a959754f9072146
inst/include/Spectra/MatOp/internal/SymGEigsCayleyOp.h	fd2f03ca17c8cac51d1b1672847bf803
inst/include/Spectra/MatOp/internal/SymGEigsCholeskyOp.h	50048412ba47d1c7b7b97f90022eaf51
inst/include/Spectra/MatOp/internal/SymGEigsRegInvOp.h	2bdf836215ff4ee541c082d82cfce6d6
inst/include/Spectra/MatOp/internal/SymGEigsShiftInvertOp.h	eb3ecc377945a150281be49ce2d39a72
inst/include/Spectra/MatOp/SparseCholesky.h	7825506c2290a4be5d3c918af629f5bc
inst/include/Spectra/MatOp/SparseGenComplexShiftSolve.h	e2d7968a425badb158d36a40e1294f32
inst/include/Spectra/MatOp/SparseGenMatProd.h	e4771675b0428be38cf6315c18600507
inst/include/Spectra/MatOp/SparseGenRealShiftSolve.h	76d626830cdb395d197fc9edf390244d
inst/include/Spectra/MatOp/SparseRegularInverse.h	690dcc7aaefef40be7c0b74bd756804f
inst/include/Spectra/MatOp/SparseSymMatProd.h	f79261698a7924fe8bf8417238f1cea6
inst/include/Spectra/MatOp/SparseSymShiftSolve.h	4bb25521ac028452bcfe46ed1f5fa879
inst/include/Spectra/MatOp/SymShiftInvert.h	9b17d9d4c66a5168e297a13c24535427
inst/include/Spectra/SymEigsBase.h	788c1842be10d26a08ec8e5a9da26442
inst/include/Spectra/SymEigsShiftSolver.h	62f39cede74707919c045ae1f55f374f
inst/include/Spectra/SymEigsSolver.h	04f11f7a3c47a5285f812ba9281cdefd
inst/include/Spectra/SymGEigsShiftSolver.h	d31c7570ec41d6eb178927de068a661e
inst/include/Spectra/SymGEigsSolver.h	1f1d76e72beabf48edd6a0a1679d993e
inst/include/Spectra/Util/CompInfo.h	ac507bac2859204d706c39c745ac50b0
inst/include/Spectra/Util/GEigsMode.h	476e854e688d7e976bff1931480a1831
inst/include/Spectra/Util/SelectionRule.h	8842650ab86bb23416ce95ad43322b59
inst/include/Spectra/Util/SimpleRandom.h	840f08da0e08a41893441c061b4eb18b
inst/include/Spectra/Util/TypeTraits.h	2a9d6706d590e419e91e6507893feec5
inst/include/Spectra/Util/Version.h	f722f8efd1eb0704f952716e74d2016c
NAMESPACE	8b9eb14bd0f77b059570cb19b2bcd94e
R/2d_smooth_morse_smale.R	8e5bc6d728111df84121e928b40f2e3f
R/analyze_comono_distributions.R	cd4931162f49a86903be176dc85ee80e
R/annotation.R	ed8df33997b96a85a8d5f472187331d2
R/basin_complex_adapters.R	1cf27732c91eabd6b48c2e64875e3433
R/basin_complex_converters.R	6497945f0f6bd2d5afbf471770917e04
R/basin_complex_merge_tree.R	5b000238093603b6ba39b4661e0bca5d
R/basin_complex_plateau_flow.R	2aa117a8a2627e67de86fe729b26f97e
R/basin_complex_refinement.R	090a8af31e5876f1be09b259ecc0a86d
R/basin_complex.R	11baaca30ad612d797209b98a2d975f6
R/basin_cx.R	6698396b46419a40a806e756259e64d4
R/basin_identity.R	0ab0af0abb84b2aed34649733a65f8a2
R/basin_lookup_functions.R	7c5a2d660bac9a5ecfb8540c214ad890
R/basin_merge_tree_public.R	1ccbc54f58a2a14c55ee3b5dcee5c8a3
R/basin_summary.R	3e5d53374253cafd689d598926568db9
R/boxcox_utils.R	8b9b4ec962d826247f5e7a87aba75dff
R/cell_trajectories_generic.R	0c13e545d2c2e9c6e76f1cda24914838
R/centered_paths.R	a4c669d39a2c8e93a35e862f74ecb95c
R/cluster_comono_graph.R	e63d83b3df6a7d3bac72fb29c19b4950
R/cluster_local_extrema.R	dbb4c3479d6f8a978595082ffa41f9ff
R/compat_helpers.R	2dba48a7192df06135a54a8438d11418
R/component_mst_connectivity.R	1956dcab7705fd1d9f51af1292afa878
R/compositional_data_utils.R	bd2d8d6b078c4fa0ec949e2040da8310
R/compute_basins_of_attraction_rtcb.R	abe447a959921db2b85d441dbf2e5668
R/compute_basins_of_attraction.R	1de4aeaf5cca4f9cdb27f7de3c8d5df6
R/compute_gfc_basins.R	ff5588a51aab159a7cc01a62b41f8030
R/compute_gfc_modulation.R	35241269b71d64eb7085509982bfc409
R/compute_gfc.R	1e5f476aaa66e07b6b95f56c57827ed4
R/compute_partition_cell_stats.R	ad73a789e1f1824a8d152c594c72fade
R/compute_pextrema_nbhds.R	e1d623b74c441e083ca9f2e5d3cc7531
R/consensus_clustering.R	a83f36a58986c1905530ac6134512df6
R/cst_colors.R	bf5ebfa67c706c89ae13c64f7b12df7a
R/detect_binary_partition.R	5935b982bf8b0a5b19be4063c3ec3259
R/distance_graph_helpers.R	76142863b7acebef19432c3214cf5115
R/extract_stable_clusters.R	5b9f15dd14fad8e873528c77581f8795
R/extrema_utils.R	822766d3f933d635f93d307df27c0260
R/extremality_utils.R	7e44e0f73fa45bdef184ff9cb3a0c2d5
R/fassoc_test.R	6462152723a95231c54eee823cd723c1
R/fassoc0_test_paired.R	598a61573a7b8ab36675fc83ce883a1d
R/fassoc1_test_paired.R	acc6edbbc9197a114e36beeffcc4deef
R/filter_basins_by_relvalue.R	03e9329057c0af622e8b942077975ac7
R/filter_basins.R	35993742124588e0464898fb164980a1
R/find_discrepant_pairs.R	61d3d0fc3d2b5dda9fc280528189d5cb
R/fn_graphs.R	b6f3d35f3a746144ad53592d5e658e5f
R/generate_knn_example_data.R	7bab0654c9314d5ec4dbdcae0ec2081f
R/gfassoc_utils.R	e444e7d29e259190dcf1913581629b0a
R/gfc_flow.R	b89287c87d649fa5708fd2d6f0f7a502
R/gfcor.R	9b771419213a1aab733ac547c1c0b78a
R/gflow_basins.R	2330a637f2e476b3a652cbafaa1d924b
R/gflow_cx_utils.R	ff78b99f0e1b1744e604a21bd73311a4
R/gflow_cx.R	499b1eb00094323a4cc1f2f675bc23ad
R/gflow_graph_plot.R	8e0419a85c647966b9d4cc91b2c01a33
R/gflow_graph.R	eec4a94a4d656e23bcb0cf44acbd277d
R/gflow-package.R	a249db83a83ee3426e13ef72b1bda961
R/globals.R	f3b359325747c0a7289f09bce92edbc6
R/gradient_basin_utilities.R	a5d304a39d0c254343adebf7d3c63864
R/graph_generators.R	a21b571ee60c950586ddb7b7a6034fcd
R/graph_gradient_flow_basins.R	c5cbfb0f9b0aac74f780c9e455b99dc2
R/graph_gradient_flow.R	32e421f458c9b96b3e0825bcbad40174
R/graph_input_validation.R	638e8eb3d6f3ef7d21bad880fc18c5e2
R/graph_MS_cx.R	9b0f5e1af69910f567f3e59203eab638
R/graph_utils.R	e15a4c6d2c530a94b2b3f83edae7e182
R/graphics.R	f4462ddf85a53ebd2eac791ac85e61e3
R/grids.R	c9c4ea0b2c1f242d1e1092a0db254e10
R/harmonic_extension.R	ff54ea85861ba3c02a3a95d227902bc5
R/hist_utils.R	7c4cc64fe38d2c1399926db49ea82bff
R/internal_doc_anchors.R	bfeb7bc15570a5a901068b39038532c0
R/isa_biclustering_utils.R	08a698eefe9cf4155287a2cdc15e7d09
R/kernels.R	a896e33ab797be99f887c606b0d9e8a8
R/knn_cache_helpers.R	e4abe9bdbc46934249ec7e5b1f39424f
R/knn_metric_helpers.R	5b0381aa92c434b3b4e749972640b550
R/lcor_with_posterior.R	3c7821bbfb08037cc4a26501ebebf0d3
R/lcor.R	bf38d662200c5f995749c608cec363c2
R/local_extrema.R	598fda56aeab2adac00be1c88d686619
R/local_geodesic_pruning.R	cf0e2dfed2b696d02d89f987afc49311
R/lslope.R	95520a964af4e6f5da6b59202e054acd
R/madag.R	e0b1c613c15bb7d1c4ce75c9aa5b33c5
R/major_arms.R	fde685adb74664f5d9321921ce54b113
R/malo_runtime_helpers.R	c9932c7dc98a66de7fdd6781ef1f4a64
R/merge_clustered_basins.R	205f312b93cd2f73b3584c01cdb7b078
R/merge_two_extrema.R	d6bd6a9b03a0b581b961e1e71860e68b
R/mstree.R	e551f1c0d7fe65c1e16d2a289ad5e68d
R/nerve_cx.R	2f097720ac8834ead6ee81f2fb422392
R/parameterize_circular_graph.R	017fb62a49102773376a13a557e9a099
R/partition_graph.R	cb41efd4302a2afeab0bf3d5e5f6d65b
R/partition_heatmap.R	5658cc1c61d4b3944042d894d38472bd
R/permutation_test_lcor.R	2b01fd196f4e9e72a2830e11bbb9d545
R/pextrema.R	d29e14020613ebf03818a5cdd1b61631
R/plot_feature_distance_diagnostics.R	c085b4e427505d2e1d03166b06c1ec67
R/plot_graph_component.R	e8b64be8798f1289a47c86fd04dc4261
R/plot_trajectory_hurdle_association.R	82af16ebdb6855be79cc02ffa1c6a887
R/plot_utils.R	da097ee8acd1fa69769d53fc201c1110
R/potential_metric_graph.R	88b60b478be1a8aa62875c0d1fedd9e9
R/preprocess_matrix.R	2094ff7e0f892cbb1db3947c69b78606
R/preprocess_metabolon_twoplane.R	ecec0e0cb23a75aed483d724fad4c2fb
R/pvalue_utils.R	f5ce5e07e20710885e7a6db6dec5fa3f
R/random_sampling.R	3d7dc5249acb7ec59d1e026ee6fa25f5
R/RcppExports.R	1a89dfa5e29b17cc36067e0c89f5d02c
R/row_wise_operations.R	2f1d6e9074d5d3e6969e9b23130c14e8
R/s3_class_validation.R	f2ad48969b9f42caff7152a480428c80
R/scan_resolution.R	392d24b7e7f0edb03fff8df89995807b
R/scan_stability.R	be99d6ebead5d6ec69df7214f1060b06
R/se_tree.R	7ac4ef4a76dba6868a85ab27aec4ecd1
R/select_phylotypes_for_assoc.R	1ad58b3fd2bd9e1ad9e644b5c5aea74e
R/spline_replacements.R	104d57d071217d1c14e27279b0be70cc
R/stats_utils.R	1b70bdbccdcbe86da37658234a2a6bdb
R/synthetic_data_utils.R	2bd2ee89b343050cd9b188214b3512be
R/test_disk_feature_distance_association_spt.R	577a11f02053724940eea8278eae398d
R/test_disk_feature_distance_association.R	87cb6fac785cf1e242d389a42f802bcd
R/trajectory_clustering.R	54d09e0e0ff8ab4912d03faf821c9d55
R/trajectory_distances.R	1e504489c4a33fc6f8fef7194957b32b
R/trajectory_graph_clustering.R	3141484f12f72ca7baa01939e6f79e97
R/tube_lens_corridor.R	b20e8270961cf0bea59f24c705d338c9
R/two_factor_analysis.R	24f0eda77ca6a52c8b18a36c877ee62d
R/utils.R	20989c8e178842b82085b140ef8414ae
R/vars_concordance_along_edges.R	e3050b0cdd9e769172c1d6c22402b902
R/vertex_density.R	7b81b628b93a5c18ea07b660d11d6009
R/visualize_mgcp_cluster_single.R	4c0730808fe4483ff3458083d6ff7ab2
R/visualize_mgcp_clusters.R	c9ccf874607d5192f650e292fab820d9
R/zzz.R	26a615c83cf7048b17b1e3fe689965d9
src/1D_linear_models.cpp	b5ee88067a3e0bab77dd3dcb44c9d2e6
src/ANN/ANN.cpp	e91abcd7b4451217351b0e4e9d923fb8
src/ANN/ANN.h	77edb6f4b2fda98f2c9fe7da366dc04a
src/ANN/ANNperf.h	50fa88af80720450a8cb1d7922a86aca
src/ANN/ANNx.h	8ef7ed858848e1dcf51b75fe75672fc1
src/ANN/bd_fix_rad_search.cpp	581b55d86ec8bb94d028e69f0b95d44f
src/ANN/bd_pr_search.cpp	10d404510331667b3d9b6208d7e28ece
src/ANN/bd_search.cpp	e18365b2dd7d9a0ee7cca1b8d94fe8ee
src/ANN/bd_tree.cpp	b8d59ae85cf1b9591e279a05d752dc1a
src/ANN/bd_tree.h	76d2a54c8dc5c0356e945ceb60a3e9fe
src/ANN/kd_dump.cpp	c7ff2b9f5e8be93076815a5781bc5075
src/ANN/kd_fix_rad_search.cpp	a0a5c04dda7e23a9f7d780451c3c6b33
src/ANN/kd_fix_rad_search.h	55878b078710ca33e3d14a48dd8d79f4
src/ANN/kd_pr_search.cpp	66379f433cdd75203dd85a7987c16d7f
src/ANN/kd_pr_search.h	93ea75f39597a74cb725e714d20aa52f
src/ANN/kd_search.cpp	c951b0c1be7f1590358d9a3a6ebd7878
src/ANN/kd_search.h	22f8a01398127364b0b35819d62bf8fd
src/ANN/kd_split.cpp	2c4898b67669e61283988a388cd85d28
src/ANN/kd_split.h	5706cb95a0d506da9fb8b6d550a21510
src/ANN/kd_tree.cpp	14a0bd015fafb297e491f8951479cbcc
src/ANN/kd_tree.h	5a02fbfbadc9448715ce662fd83ac2a1
src/ANN/kd_util.cpp	f9f569b4ba82fe3ace85e593d7775990
src/ANN/kd_util.h	d412681fdefb6fad8061db1c69d88a4e
src/ANN/pr_queue_k.h	c57d5df3e3b47a47c6776fcf57556919
src/ANN/pr_queue.h	bddf592cc6650ebaa815338ad8a0fb63
src/bandwidth_utils.cpp	f7387f4213041c35f9a7682c7229a008
src/basin_cx.cpp	1a910b9ea95c6efc4e675e0051869ca5
src/basin_harmonic_repair.cpp	7552db85fcf7f9556cba89a805c9f6fb
src/basin_summary_r.cpp	328ca85a4bedf598593856ef97977a97
src/basin_summary_r.h	7e512078d58bb8221969c62498aeeb36
src/bidirectional_dijkstra.cpp	3329dc6204816cd4830c3d45490630db
src/c_random_sampling.c	586dca342d6f541bf8c7bb15ce1671d6
src/c_utils.c	15a8e1c1db2bc8807d099b923c247309
src/centered_paths.cpp	d57de62ccf1fc24ba326db5bc83afed6
src/compute_geodesic_basin.cpp	6a530d75f478610aab1a68dbbb60b068
src/cpp_io_utils.cpp	66639f63fd1fb272574090a11125da3b
src/cpp_mstrees.cpp	328bc7dd1ebeb1a88cbe94869f09fd8f
src/cpp_stats_utils.cpp	56983c18b6e3da83bd118ab34e2ac52e
src/cpp_utils.cpp	126b8787dbd2f7f2f42e87dedd003c47
src/Eigen_utils.cpp	684d4e19b1beea44222372af9cac209f
src/fn_graphs_r.cpp	5117c1e67ad60d9a42b09753b5bc2420
src/fn_graphs.cpp	6ed6d62d6473283c7c8a687a8f928aeb
src/fns_over_graphs_utils.cpp	315a3330ae748d7889c039c71c7aa5c3
src/geodesic_stats_r.cpp	23fadd0a34a0d06b96bc5ce93e3da810
src/geodesic_stats.cpp	b4ccbcd79777cf2f3ef047285bf74431
src/geometric_edge_pruning.cpp	d2c852ff821293b8386d05358c669e6c
src/gfassoc_membership.cpp	abe19a263dd91430913038ddd65ce454
src/gfassoc_polarity.cpp	ac9cbd5e41015ccfef9beba08d272a14
src/gfassoc_r.cpp	a6da98a4a315e0fbc114e614460268e1
src/gfc_basins_r.cpp	13a041d981a0b092fef33b6981bfe3ae
src/gfc_basins.cpp	19163c03cc6106f51af7bf94d4c25c92
src/gfc_flow_r.cpp	2e11fa41feb1beaa6238f584068e168c
src/gfc_flow.cpp	514113473ad1cbf0f26d327bcd4b9246
src/gfc_trajectory_joining.cpp	9e3853d22c5de49c4995a03125ec4cb2
src/gfc.cpp	dd104e4406a80708abbedac81d5fcaca
src/gflow_basins_r.cpp	1c41bdcb8bd075f9bce1ec699da04190
src/gflow_basins.cpp	b130c9d9de42ef2cbaa294623a2f3b54
src/gflow_cx_r.cpp	42f833ad89b15a034b9386ecdf28c4e6
src/gflow_cx.cpp	1f14697b8ee65ccead825615cff6be53
src/graph_conn_components.cpp	981908312729344317dcf700ca3a5137
src/graph_core_endpoints_r.h	ab33d03077389e562d90b2f8cace6a19
src/graph_core_endpoints.cpp	6707d9680595221f21d90fd47a945782
src/graph_cv_imputation.cpp	948ec0b78fe71cf841240e6c91750fd5
src/graph_cycles.cpp	dd3d8dd86913e9ee969c732bd3c75e56
src/graph_edit_distance.cpp	e70b246f0debd232ac4e5923916d405d
src/graph_gradient_flow.cpp	bb3158439e4dae827858bdfa913c9449
src/graph_kmad.cpp	e3ab9c7371520b3fea3133201f882393
src/graph_laplacian_eigenvectors.cpp	5800748e4e7b2aa2c9f8b64742b4335f
src/graph_laplacian_fourier.cpp	c661c2af1820431ab460d0330b94de86
src/graph_maximal_packing.cpp	0495549203a11122c2de528bdabc80a5
src/graph_MS_cx.cpp	a653f508046bee1ec98d34ebd1acb919
src/graph_radius_neighborhood.cpp	4ce35744f63276985b58cf680aab16c1
src/graph_shortest_path.cpp	f4e3ce524119b626a8873ccf06cab7e7
src/graph_spectrum.cpp	591ab9948525858c80dc51ef40d7aaf2
src/graph_utils.cpp	b41b6d45fdb8eafb010217bf04c1c500
src/grids.c	5e61b4d75878824e1a2d8f377ce50349
src/harmonic_extender.cpp	029783d0c830ff5d10ee88158fc8a63e
src/harmonic_extension_r.cpp	404416a64381f6338fd05a288f5f9375
src/harmonic_extension.cpp	adfe108841872ae90567c7507a4de62f
src/hop_extremp_radii_r.h	7896224cd8d0585103e7b50429c7506f
src/hop_extremp_radii.cpp	39684e3aa337b2d98fd5643e144857b1
src/iknn_graphs.cpp	e94e35373a6b1b0c4c00aa7bbab64345
src/init.c	c15457223ee4ea3c4103eb9574bd5c12
src/io_utils.c	ae0a6daa15965a585d86153b7099e8f1
src/io_utils.h	591c93052abc859110426129b41fa245
src/kernel_utils.cpp	0fe4555a47231714e8826004c79bb45f
src/kernels.c	5d43baead0823cbc3309caf2ebf14df2
src/kNN_eigen.cpp	a545e81ba152bf5b4d74c7def56ff5c5
src/kNN.cpp	2aedd5f031ba8e74f9de5bad7209d65c
src/lcor_r.cpp	74ddeb9c7c5d9fd1c2e3aeaa917b055a
src/lcor.cpp	24987e259d94db9920e481281886a59a
src/linf_simplex_knn_r.h	3d2118d1a4a5ef51567e76eba4ae3311
src/linf_simplex_knn.cpp	ea57ca8760a691fd938dc65ca4f6b4d3
src/linf_simplex_knn.hpp	a05304326b6237faba47e86c149f1d21
src/lm.c	fc35c2ef74f97c0faae84dd6bc0d931d
src/local_extrema_r.cpp	cace5a435199e2750481f249c15f1297
src/local_geodesic_pruning_r.h	a233b4baca919d3bd519e17abb5c3ef1
src/local_geodesic_pruning.cpp	63ef906de4758300f5b65e60f702e141
src/local_pca_charts_rcpp.cpp	7a3dd96bc89f6066e9f9423a10cd6f2b
src/local_pca_charts.cpp	9cc905d64a94c7db51b2d529b1d908d9
src/local_pca_charts.hpp	971de8121ee1d8c40aa1808610117277
src/lslope_r.cpp	369358a4feb2d2ad73b04664dd8b2c2b
src/lslope_vector_matrix_r.cpp	7bb7a9f97f68509f1b84ca330dd47138
src/lslope_vector_matrix.cpp	5e39f7411afd4a4ed0727bd02b0aff93
src/lslope.cpp	e2586de36c0558d953186e321185f6cb
src/madag_r.cpp	3c0199f8b6056b53c3e2178aacb150dc
src/madag.cpp	11bac1fd101f937f176f12225eaae79c
src/Makevars	3d043ac5e74f47344e15701c6be59dcd
src/Makevars.local	c74e0b908d0e863b149f35c587d241b0
src/Makevars.win	b852afcbc2534f65a5f9753fc1990cda
src/Makevars.win.local	2e79f96da434db12d75090bbcc963a45
src/memory_utils.cpp	ee89768bb142a59d573f836b986c476b
src/mlm.cpp	485e628d55bd1fcd3ea39124bbe4fb4f
src/monotonic_reachability_r.cpp	329d368f80aa28e7cca99235a2583469
src/monotonic_reachability.cpp	50978f20d06a462e41b743df12f04978
src/mstree_total_length.cpp	16d465c1c2233bb71bcaf1253bb5bfba
src/mstree.c	f1291f2debda3374c850591602bfd8cf
src/nerve_cx_r.cpp	692fe0fb72c2d9d59ba5d3c3d595d618
src/nerve_cx.cpp	a2dc1168d1d4f3062168440c6a2635ff
src/openmp_diag.cpp	eb46bcae583e625c5289794f3efbe6ef
src/openmp_required.cpp	898d77365805d7e5b27a0bced0665b2d
src/parameterize_circular_graph_r.cpp	e3380feba0b370bdf89b88b4ac9b253e
src/parameterize_circular_graph.cpp	f673a76d6222c1705bfbe9c57bd63ba4
src/partition_graph_r.cpp	01c2ff1a53aab7063ded3b8520d2c51a
src/partition_graph.cpp	2e8a93e7fdbe2c5f905e35ad715b5ef3
src/path_graphs.cpp	c7992c07a707597d41a6ab5f916d9dd6
src/phate_core_r.h	db12d401b29395de60e27e50ff6ddbe7
src/predictive_errors.cpp	db132ce70dfb5a17bf4829a2889cce7f
src/progress_utils.cpp	afcc34539f59abb7f7583c856ce4e87a
src/prune_long_edges.cpp	7873bd3ac897e28a4a36453b110132d0
src/pruning_long_edges.cpp	d48cabeed078a222d71ab760e1f25f73
src/random_sampling.cpp	131e9548a656d83b8c7bc3468968a877
src/RcppExports.cpp	364858cc22e8ca8cae56fdcbcce54b37
src/se_tree_r.cpp	7098c186d64b749b70366fa26a87f3c4
src/se_tree.cpp	8c25df2317fa33e3f9ba7d9af5ce355e
src/set_wgraph_basins_r.cpp	1605db779dfa95e5b6232744e5b2c7a6
src/set_wgraph_basins_rtcb_r.cpp	9b58cfe9dbdc2f29d79ac4a71e170dcf
src/set_wgraph_basins.cpp	8ab15e7f8525bdf316bc7e0fe2a53f1b
src/set_wgraph.cpp	a3fa1fc7ddd172b93e1faa1431b5069d
src/SEXP_cpp_conversion_utils.cpp	247ce9f9274ca475ce49eb3f8642393d
src/shortest_path_utils.cpp	28b20d6031641b5fea9ef00ca65d5ebc
src/sort_utils.cpp	4c045927992b7b02bd20cafd864b623e
src/stats_utils.c	8215c6a60adcf4f88ccefdc73c9ae94b
src/tests/main.cpp	e575e77a3d26d4d572cbbc43f317c252
src/tests/Makefile	f145156f70528574fd2bd9c9b65f2c71
src/tests/test_helpers.hpp	1acea71b1e84ce661f3b9353078400ec
src/traj_clustering_r.cpp	59fa888fc503f0e08e5c9c56f4cd0465
src/traj_clustering.cpp	d28befd0d2a10047568390d7508543ad
src/tube_lens_corridor.cpp	13a8a7041a9ea7824998f717033f5a53
src/ulm.cpp	aa3ed6e1f85b8639257b19cbd895369e
src/uniform_grid_graph.cpp	adb5b6c6c97f3cf7213ca040eb5b345e
src/vertex_density_r.cpp	a9eac15273fb8ed6ad27f8497793a6d9
src/wasserstein_dist.c	241767340fa16d2e57e3350c37a9b693
src/wasserstein_perm_test.cpp	b8947fdbbd5b43c27088b3009a5de300
src/weighted_correlation.cpp	a0bb318a65c0cb765d8c2bf17df5409b
